Country,Year,Status,Life expectancy ,Adult Mortality,infant deaths,Alcohol,percentage expenditure,Hepatitis B,Measles , BMI ,under-five deaths ,Polio,Total expenditure,Diphtheria , HIV/AIDS,GDP,Population, thinness  1-19 years, thinness 5-9 years,Income composition of resources,Schooling
Angola,2015,Developing,52.4,335,66,,0,64,118,23.3,98,7,,64,1.9,3695.793748,2785935,8.3,8.2,0.531,11.4
Angola,2014,Developing,51.7,348,67,8.33,23.965612,64,11699,22.7,101,68,3.31,64,2,479.31224,2692466,8.5,8.3,0.527,11.4
Angola,2013,Developing,51.1,355,69,8.1,35.95857279,77,8523,22.1,105,67,4.26,77,2.3,484.616884,2599834,8.6,8.5,0.523,11.4
Angola,2012,Developing,56,358,72,8.24,256.1225243,75,4458,21.5,110,75,3.3,75,2.6,4598.249988,259615,8.8,8.6,0.508,10.3
Angola,2011,Developing,51,361,75,8.06,239.8913921,72,1449,21,115,73,3.38,71,2.5,4299.12889,24218565,8.9,8.8,0.495,9.4
Angola,2010,Developing,49.6,365,78,7.8,191.6537407,77,1190,2.4,121,81,3.39,77,2.5,3529.53482,23369131,9.1,9,0.488,9
Angola,2009,Developing,49.1,369,81,7.01,212.9229325,61,2807,19.8,127,63,4.37,6,2.5,3347.84485,22549547,9.3,9.2,0.48,8.5
Angola,2008,Developing,48.7,371,84,7.07,249.9101958,69,265,19.3,133,65,3.84,69,2.6,3868.578883,2175942,9.5,9.4,0.468,8.1
Angola,2007,Developing,48.2,375,87,6.35,184.8213446,73,1014,18.8,138,75,3.38,73,2.6,2878.837144,2997687,9.6,9.6,0.454,7.7
Angola,2006,Developing,47.7,381,90,5.84,25.08688824,,765,18.2,143,36,4.54,34,2.5,262.415149,2262399,9.8,9.7,0.439,7.2
Angola,2005,Developing,47.4,382,92,5.04,98.19145117,,258,17.7,148,39,4.1,38,2.6,1443.991929,19552542,1,9.9,0.426,6.8
Angola,2004,Developing,47.1,386,94,3.53,8.8667775,,29,17.2,152,4,4.71,4,2.5,141.86844,18865716,1.2,1.1,0.415,6.4
Angola,2003,Developing,46.8,388,95,3.49,35.93349121,,1196,16.8,155,4,4.41,4,2.4,779.468356,1823369,1.4,1.3,0.406,5.9
Angola,2002,Developing,46.5,391,96,2.82,24.037942,,11945,16.3,157,37,3.63,41,2.3,711.181716,17572649,1.5,1.5,0.401,5.5
Angola,2001,Developing,45.7,44,97,2.58,30.35993647,,9046,15.8,159,41,5.38,38,2.1,526.168743,16983266,1.7,1.7,0.391,5.1
Angola,2000,Developing,45.3,48,97,1.85,15.88149254,,2219,15.4,160,3,2.79,28,2,555.2969419,1644924,1.9,1.9,0.382,4.6
Australia,2015,Developed,82.8,59,1,,0,93,74,66.6,1,93,,93,0.1,56554.3876,23789338,0.6,0.6,0.937,20.4
Australia,2014,Developed,82.7,6,1,9.71,10769.36305,91,340,66.1,1,92,9.42,92,0.1,62214.6912,2346694,0.6,0.6,0.936,20.4
Australia,2013,Developed,82.5,61,1,9.87,11734.85381,91,158,65.5,1,91,9.36,91,0.1,67792.3386,23117353,0.6,0.6,0.933,20.3
Australia,2012,Developed,82.3,61,1,10.03,11714.99858,91,199,65,1,92,9.36,92,0.1,67677.63477,22728254,0.6,0.6,0.93,20.1
Australia,2011,Developed,82,63,1,10.3,10986.26527,92,190,64.4,1,92,9.2,92,0.1,62245.129,223424,0.6,0.6,0.927,19.8
Australia,2010,Developed,81.9,64,1,10.52,8875.786493,92,70,63.9,1,92,9.2,92,0.1,51874.848,223175,0.7,0.6,0.927,19.5
Australia,2009,Developed,81.7,66,1,10.62,7172.275229,94,104,63.4,1,92,9.5,92,0.1,42742.99898,216917,0.7,0.6,0.925,19.1
Australia,2008,Developed,81.3,66,1,10.76,8547.292357,94,65,62.9,1,92,8.78,92,0.1,49664.6854,212492,0.7,0.6,0.921,19.1
Australia,2007,Developed,81.3,66,1,10.56,872.5986092,94,11,62.5,2,92,8.53,92,0.1,4991.98289,28276,0.7,0.6,0.918,19
Australia,2006,Developed,81.2,66,1,10.31,6187.062017,95,0,62,2,92,8.49,92,0.1,36118.28381,26979,0.7,0.6,0.915,20.3
Australia,2005,Developed,81,67,1,10.3,579.1331637,95,10,61.5,2,92,8.45,92,0.1,3416.71483,23948,0.7,0.6,0.91,20.3
Australia,2004,Developed,86,69,1,9.84,588.568371,95,70,6.9,1,92,8.57,92,0.1,3472.37977,21274,0.7,0.6,0.908,20.7
Australia,2003,Developed,83,71,1,9.97,3829.550928,95,91,6.3,1,92,8.32,93,0.1,23465.38559,198954,0.7,0.7,0.905,20.6
Australia,2002,Developed,79.9,73,1,9.84,46.3871819,95,32,59.6,2,92,8.39,92,0.1,281.81763,196514,0.7,0.7,0.902,20.1
Australia,2001,Developed,79.9,75,1,9.53,3064.301144,94,141,59,2,91,8.18,92,0.1,19517.84168,19413,0.7,0.7,0.899,20.5
Australia,2000,Developed,79.5,78,1,10.17,347.18736,,108,58.2,2,9,8.8,9,0.1,2169.921,19153,0.7,0.7,0.897,20.4
Canada,2015,Developing,82.2,64,2,,0,55,195,67,2,91,,91,0.1,43315.744,3584861,0.6,0.5,0.919,16.3
Canada,2014,Developing,82,65,2,8.1,102.1902168,55,418,66.4,2,91,1.45,91,0.1,544.43376,35544564,0.5,0.5,0.912,15.9
Canada,2013,Developing,81.8,67,2,8.2,9733.228019,55,83,65.8,2,91,1.67,91,0.1,52413.72116,35155451,0.5,0.5,0.909,15.9
Canada,2012,Developing,81.6,68,2,8.3,9748.636237,7,10,65.3,2,99,1.78,95,0.1,52496.69487,3475545,0.5,0.5,0.907,15.9
Canada,2011,Developing,81.5,68,2,8.2,971.9280384,7,803,64.7,2,87,1.82,87,0.1,5282.2176,3434278,0.5,0.5,0.903,15.9
Canada,2010,Developing,81.2,7,2,8.4,8649.674911,56,99,64.1,2,88,11.2,89,0.1,47447.4762,345274,0.5,0.4,0.898,15.9
Canada,2009,Developing,81,72,2,8.4,864.94993,42,14,63.6,2,89,11.17,91,0.1,4773.45436,33628571,0.5,0.4,0.898,15.9
Canada,2008,Developing,87,74,2,8.3,8433.936814,28,62,63,2,89,1.3,92,0.1,46596.33599,33245773,0.5,0.4,0.897,15.8
Canada,2007,Developing,85,74,2,8.3,7946.743581,14,101,62.5,2,9,9.83,94,0.1,44544.5268,32887928,0.5,0.4,0.894,15.8
Canada,2006,Developing,85,75,2,8.2,771.1817686,14,13,61.9,2,95,9.75,95,0.1,4386.69948,325755,0.5,0.4,0.891,15.8
Canada,2005,Developing,81,76,2,8,6333.177967,14,6,61.3,2,93,9.57,93,0.1,36189.58838,32312,0.5,0.4,0.886,15.8
Canada,2004,Developing,80,77,2,7.8,5513.329924,14,7,6.6,2,91,9.56,91,0.1,31979.87195,31995,0.5,0.4,0.881,15.8
Canada,2003,Developing,79.7,78,2,7.7,4687.845565,14,15,6,2,88,9.54,91,0.1,28172.14883,31676,0.5,0.4,0.877,15.8
Canada,2002,Developing,79.5,79,2,7.7,3895.856308,,6,59.3,2,88,9.37,88,0.1,24167.8431,31362,0.5,0.4,0.872,15.8
Canada,2001,Developing,79.4,8,2,7.6,3665.089703,,34,58.5,2,88,9.1,89,0.1,23691.59472,31819,0.5,0.4,0.867,15.8
Canada,2000,Developing,79.1,82,2,7.6,3787.49456,,206,57.8,2,88,8.67,89,0.1,24124.16917,37697,0.5,0.5,0.864,15.9
China,2015,Developing,76.1,85,157,,0,99,42361,32.9,183,99,,99,0.1,869.211938,137122,3.6,2.9,0.734,13.5
China,2014,Developing,75.8,86,171,5.78,109.8743903,99,52628,31.9,198,99,5.55,99,0.1,7683.5238,136427,3.7,3,0.723,13.1
China,2013,Developing,75.6,88,185,5.79,9.955532032,99,26883,3.9,216,99,5.39,99,0.1,777.77594,135738,3.8,3.2,0.713,12.7
China,2012,Developing,75.4,89,201,5.74,94.4344566,99,6183,3,233,99,5.26,99,0.1,6337.882993,135695,3.9,3.3,0.703,12.4
China,2011,Developing,75.2,91,215,5.63,91.26749779,99,9943,29,251,99,5.3,99,0.1,5633.79616,134413,4.1,3.5,0.7,12.8
China,2010,Developing,75,92,231,5.75,5.660754839,99,38159,28.1,268,99,4.89,99,0.1,456.512487,133775,4.2,3.6,0.691,12.5
China,2009,Developing,74.9,93,248,4.88,50.28348923,99,52461,27.3,288,99,5.8,99,0.1,3838.434292,133126,4.4,3.8,0.682,12.2
China,2008,Developing,74.5,97,266,4.27,39.22509728,95,131441,26.5,308,99,4.59,97,0.1,3471.247547,1324655,4.5,4,0.672,11.9
China,2007,Developing,74.4,96,285,3.88,312.6624819,92,109023,25.7,332,94,4.32,93,0.1,2695.366223,1317885,4.7,4.1,0.659,11.4
China,2006,Developing,74.2,98,307,3.28,29.74342979,91,99602,24.9,360,94,4.52,93,0.1,299.229676,13112,4.8,4.3,0.646,11
China,2005,Developing,73.9,99,332,2.92,171.6596026,84,124219,24.1,392,87,4.66,87,0.1,1753.4178,13372,5,4.4,0.634,10.6
China,2004,Developing,73.5,11,360,3.04,1.58668462,79,70549,23.4,427,87,4.72,87,0.1,158.668462,129675,5.1,4.6,0.622,10.2
China,2003,Developing,73.1,13,391,2.96,122.9365349,75,71879,22.6,467,87,4.82,86,0.1,1288.642924,12884,5.3,4.7,0.61,9.9
China,2002,Developing,72.7,16,422,2.91,106.3590358,7,58341,21.9,511,86,4.79,86,0.1,1148.5857,1284,5.5,4.9,0.6,9.7
China,2001,Developing,72.2,11,457,2.84,14.23064496,65,88962,21.2,558,86,4.56,86,0.1,153.1824,127185,5.7,5,0.592,9.6
China,2000,Developing,71.7,115,490,3.06,17.46057369,6,71093,2.5,608,86,4.6,85,0.1,959.372181,1262645,5.9,5.1,0.583,9.5
Egypt,2015,Developing,79,159,51,,0,93,5432,61.1,60,93,,93,0.1,,,2.8,2.8,0.688,13.1
Egypt,2014,Developing,78,161,53,0.21,0,94,1314,6.2,62,94,5.64,94,0.1,,,2.8,2.8,0.686,13.1
Egypt,2013,Developing,79,159,54,0.21,0,97,405,59.4,63,97,5.46,97,0.1,,,2.9,2.8,0.681,12.8
Egypt,2012,Developing,72,165,54,0.23,0,93,245,58.6,64,93,5.29,93,0.1,,,2.9,2.8,0.673,12.4
Egypt,2011,Developing,74,168,55,0.22,0,96,26,57.8,64,96,5.4,96,0.1,,,2.9,2.9,0.671,12.4
Egypt,2010,Developing,70,173,54,0.22,0,97,16,57,64,97,4.8,97,0.1,,,3,2.9,0.665,12.2
Egypt,2009,Developing,69.9,174,54,0.21,0,97,608,56.2,64,97,5.1,97,0.1,,,3,3,0.659,12
Egypt,2008,Developing,69.8,172,54,0.24,0,97,668,55.5,65,97,4.82,97,0.1,,,3.1,3,0.651,11.9
Egypt,2007,Developing,69.7,171,55,0.21,0,98,1684,54.8,65,98,4.95,98,0.1,,,3.1,3.1,0.644,11.7
Egypt,2006,Developing,69.5,175,55,0.18,0,98,953,54.2,66,98,5.24,98,0.1,,,3.2,3.1,0.636,11.5
Egypt,2005,Developing,69.4,174,56,0.16,0,98,77,53.5,68,98,5.6,98,0.1,,,3.2,3.2,0.629,11.4
Egypt,2004,Developing,69,176,57,0.16,0,97,80,52.9,70,97,5.21,97,0.1,,,3.3,3.2,0.623,11.2
Egypt,2003,Developing,68.6,178,59,0.15,0,98,164,52.3,72,98,5.41,98,0.1,,,3.3,3.3,0.621,11.3
Egypt,2002,Developing,68.7,177,61,0.15,0,97,653,51.8,75,97,5.97,97,0.1,,,3.4,3.4,0.617,11.2
Egypt,2001,Developing,68.6,177,63,0.14,0,99,2150,51.2,78,99,5.75,99,0.1,,,3.5,3.4,0.612,11.1
Egypt,2000,Developing,68.8,171,65,0.14,0,98,2633,5.7,82,98,5.55,98,0.1,,,3.6,3.5,0.606,11
Ethiopia,2015,Developing,64.8,225,136,,0,77,17745,17.6,194,75,,77,0.6,645.4637627,9987333,1.4,1.2,0.441,8.4
Ethiopia,2014,Developing,64.2,234,140,0.01,89.95805845,77,12739,17.2,202,75,4.88,77,0.6,571.1622759,97366774,1.5,1.3,0.435,8.4
Ethiopia,2013,Developing,63.7,237,145,1.86,8.313282039,72,5253,16.8,211,7,5.19,72,0.9,52.1535887,94887724,1.6,1.4,0.427,8.4
Ethiopia,2012,Developing,63.3,241,150,1.84,86.82551124,69,4347,16.4,221,7,5.77,69,1.2,468.567249,92444183,1.7,1.5,0.422,8.4
Ethiopia,2011,Developing,62.6,249,156,1.32,67.77565369,65,3255,16,231,7,6.55,65,1.4,354.8463544,946756,1.9,1.6,0.411,8.2
Ethiopia,2010,Developing,61.8,261,162,1.34,67.73374413,62,4235,15.6,243,69,6.86,61,1.7,341.39992,877267,11,1.7,0.401,8.1
Ethiopia,2009,Developing,68,274,169,1.17,53.77354001,56,1176,15.3,256,65,4.41,58,2,379.7566385,85416253,11.1,1.8,0.393,8.1
Ethiopia,2008,Developing,59.8,289,177,1.13,38.55783268,52,3511,14.9,270,63,4.28,54,2.4,325.3825543,83184892,11.2,1.9,0.378,7.6
Ethiopia,2007,Developing,58.5,39,186,1.06,30.46451811,47,1446,14.5,286,61,4.69,5,2.8,243.326822,8149,11.3,11,0.362,7.1
Ethiopia,2006,Developing,57.2,328,196,1.22,22.18952246,,1451,14.2,304,59,4.47,46,3.3,193.794956,7885689,11.4,11.1,0.346,6.6
Ethiopia,2005,Developing,56,343,206,0.99,18.03753133,,357,13.8,323,56,4.2,44,3.7,161.6266248,7672783,11.5,11.2,0.325,5.8
Ethiopia,2004,Developing,55,354,217,0.86,1.506962482,,73,13.5,342,54,4.23,4,4.1,135.7623858,7462445,11.5,11.3,0.31,5.4
Ethiopia,2003,Developing,54,363,228,0.79,10.97201912,,228,13.2,360,55,4.64,37,4.4,118.8734466,72545144,11.6,11.5,0.306,5.2
Ethiopia,2002,Developing,53.2,369,237,0.8,10.82452594,,3332,12.9,377,55,4.73,35,4.6,111.3634356,7497192,11.7,11.6,0.298,4.9
Ethiopia,2001,Developing,52.5,372,246,0.85,1.186227577,,2366,12.6,392,55,4.26,32,4.9,12.1789279,68492257,11.8,11.7,0.283,4.3
Ethiopia,2000,Developing,51.2,391,253,0.88,11.59481766,,1660,12.3,404,55,4.36,3,5,123.876257,66537331,11.9,11.8,0,3.9
India,2015,Developing,68.3,181,910,,0,87,90387,18.7,1100,86,,87,0.2,1613.18878,1395398,26.7,27.3,0.615,11.6
India,2014,Developing,68,184,957,3.07,86.52153895,79,79563,18.1,1200,84,4.69,85,0.2,1573.11889,1293859294,26.8,27.4,0.607,11.6
India,2013,Developing,67.6,187,1000,3.11,67.67230438,7,13822,17.5,1300,82,4.53,83,0.2,1452.195373,127856227,26.8,27.5,0.599,11.5
India,2012,Developing,67.3,19,1100,3.1,64.96964491,73,18668,17,1400,79,4.39,82,0.2,1446.98541,126365852,26.9,27.6,0.59,11.3
India,2011,Developing,66.8,193,1100,3,64.6059005,44,33634,16.4,1500,79,4.33,82,0.2,1461.671957,124723629,26.9,27.7,0.58,10.8
India,2010,Developing,66.4,196,1200,2.77,57.73359864,38,31458,15.9,1600,76,4.28,79,0.2,1345.77153,12398691,27,27.8,0.569,10.4
India,2009,Developing,66,2,1300,2.5,0.844186331,37,56188,15.4,1700,73,4.38,74,0.2,19.317765,121427132,27,27.8,0.563,10.5
India,2008,Developing,65.5,23,1300,1.93,43.03043312,29,44258,14.9,1800,69,4.34,7,0.3,991.484634,119714696,27,27.9,0.556,10.2
India,2007,Developing,65.2,26,1400,1.59,5.234770324,6,41144,14.4,1900,67,4.23,64,0.3,118.166373,1179681239,27.1,28,0.546,9.9
India,2006,Developing,64.8,28,1500,1.37,34.85942671,6,64185,13.9,2000,66,4.25,65,0.3,792.259698,1161977719,27.1,28,0.536,9.7
India,2005,Developing,64.4,211,1500,1.27,3.5096369,8,36711,13.5,2000,65,4.28,65,0.3,77.819,1144118674,27.2,28.1,0.526,9.4
India,2004,Developing,64,214,1600,1.2,27.33800857,6,55443,13,2100,58,4.22,63,0.3,621.3183767,1126135777,27.2,28.2,0.518,9.2
India,2003,Developing,63.7,216,1700,1.19,19.4808682,,47147,12.6,2200,57,4.3,61,0.3,541.1352279,11827848,27.3,28.3,0.505,8.6
India,2002,Developing,63.3,219,1700,1.1,17.81205644,,40044,12.2,2300,58,4.4,59,0.3,466.2842,18987112,27.4,28.4,0.499,8.4
India,2001,Developing,62.9,222,1800,1,19.00340606,,51780,11.8,2400,58,4.5,59,0.3,447.138966,171477855,27.5,28.5,0.494,8.3
India,2000,Developing,62.5,224,1800,0.93,19.26615743,,38835,11.4,2500,57,4.26,58,0.3,438.864634,1535912,27.7,28.6,0.489,8.3
Iran (Islamic Republic of),2015,Developing,75.5,83,18,,0,98,615,59.7,21,98,,98,0.1,,,8.5,8.6,0.774,14.8
Iran (Islamic Republic of),2014,Developing,75.4,83,19,0.01,0,99,99,58.5,22,99,6.89,99,0.1,,,8.3,8.4,0.77,14.9
Iran (Islamic Republic of),2013,Developing,75.3,83,20,0.01,0,99,189,57.2,23,98,6.49,98,0.1,,,8.2,8.3,0.769,15
Iran (Islamic Republic of),2012,Developing,75.1,85,21,0.01,0,98,332,56,24,99,6.98,99,0.1,,,8,8.2,0.755,13.6
Iran (Islamic Republic of),2011,Developing,74.7,93,22,0.03,0,99,73,54.8,25,99,7.12,99,0.1,,,7.9,8.1,0.745,13.1
Iran (Islamic Republic of),2010,Developing,74.1,16,22,0.03,0,99,538,53.6,26,99,8.2,99,0.1,,,7.8,8,0.735,12.9
Iran (Islamic Republic of),2009,Developing,73.3,122,23,0.03,0,99,262,52.5,27,99,7.63,99,0.1,,,7.7,7.9,0.728,12.8
Iran (Islamic Republic of),2008,Developing,72.7,135,24,0.02,0,99,127,51.4,28,99,6.28,99,0.1,,,7.6,7.8,0.716,12.1
Iran (Islamic Republic of),2007,Developing,72.4,138,25,0.02,0,97,133,5.4,29,98,5.84,99,0.1,,,7.5,7.8,0.704,11.8
Iran (Islamic Republic of),2006,Developing,72.2,139,26,0.02,0,98,220,49.4,30,99,5.95,98,0.1,,,7.4,7.7,0.692,11.4
Iran (Islamic Republic of),2005,Developing,72,139,27,0.01,0,94,7,48.5,32,95,6.6,95,0.1,,,7.4,7.7,0.687,11.4
Iran (Islamic Republic of),2004,Developing,71.8,139,28,0.01,0,95,3,47.6,33,98,5.89,99,0.1,,,7.4,7.7,0.686,11.8
Iran (Islamic Republic of),2003,Developing,75,154,29,0.01,0,98,11644,46.9,35,99,5.42,99,0.1,,,7.5,7.7,0.679,11.8
Iran (Islamic Republic of),2002,Developing,71.2,142,31,0.01,0,99,9554,46.2,37,99,5.39,99,0.1,,,7.6,7.7,0.674,11.9
Iran (Islamic Republic of),2001,Developing,78,146,33,0.01,0,94,9582,45.5,40,95,5.2,96,0.1,,,7.7,7.8,0.666,11.6
Iran (Islamic Republic of),2000,Developing,73,15,35,0.01,0,99,11874,44.9,43,99,4.47,99,0.1,,,7.8,7.9,0.66,11.6
Kenya,2015,Developing,63.4,249,54,,0,89,95,22,75,83,,89,2.8,1349.97144,47236259,7.8,7.6,0.55,11.1
Kenya,2014,Developing,62.9,255,56,0.01,170.9626624,92,354,21.3,79,93,5.72,92,2.9,1335.6458,462425,7.8,7.7,0.546,11.1
Kenya,2013,Developing,62.6,258,58,1.84,165.9304977,93,190,2.7,81,94,5.57,87,3,1229.114798,44826849,7.9,7.7,0.541,11.1
Kenya,2012,Developing,62.1,263,59,1.81,154.2269697,94,0,2.1,84,94,5.49,94,3,1155.2582,43646629,8,7.8,0.536,11.1
Kenya,2011,Developing,61.2,278,60,1.8,109.7051836,96,2395,19.5,86,97,5.23,96,3.4,987.4453967,42486839,8.1,7.9,0.53,11.1
Kenya,2010,Developing,63,294,61,1.73,56.58984221,9,95,18.9,89,9,3.97,9,4.3,967.34773,4135152,8.2,8,0.523,11.1
Kenya,2009,Developing,59.1,317,62,1.86,7.146851404,88,1218,18.4,91,89,4.17,88,5,92.816252,423724,8.2,8.1,0.514,10.7
Kenya,2008,Developing,57.9,339,64,1.71,60.5153506,88,1282,17.9,95,88,3.9,88,6.4,916.8992515,39148416,8.3,8.2,0.506,10.4
Kenya,2007,Developing,56.8,356,66,1.97,59.83361364,81,1516,17.3,100,76,4.8,81,9.1,839.181117,388599,8.4,8.3,0.494,10.1
Kenya,2006,Developing,55.3,388,68,1.76,52.60385429,8,1847,16.9,104,77,4.24,8,10.3,697.66385,37525,8.5,8.4,0.483,9.7
Kenya,2005,Developing,54.1,412,70,1.82,39.55677502,76,153,16.4,108,7,4.36,76,11.6,519.7999346,3648288,8.6,8.5,0.474,9.6
Kenya,2004,Developing,53,432,72,1.43,36.29775249,73,20,15.9,112,73,4.29,73,13.2,458.8843551,3574931,8.7,8.6,0.461,8.9
Kenya,2003,Developing,52.4,437,74,1.49,35.85204668,73,65,15.5,115,75,4.45,73,14.5,436.6875357,3413852,8.8,8.8,0.45,8.2
Kenya,2002,Developing,52.1,437,76,1.66,32.73674134,84,766,15.1,118,83,4.54,84,15.7,395.8493511,332149,8.9,8.9,0.451,8.5
Kenya,2001,Developing,51.9,434,77,1.63,3.847602867,,11304,14.7,120,77,4.62,8,16.9,41.7763612,32321482,9,9,0.447,8.4
Kenya,2000,Developing,51.9,428,77,1.51,0.681685555,,21002,14.4,121,8,4.68,82,18.1,43.9797132,3145483,9.2,9.1,0.448,8.4
New Zealand,2015,Developed,81.6,66,0,8.7,0,92,10,67.5,0,92,,92,0.1,3821.8937,,0.4,0.3,0.913,19.2
New Zealand,2014,Developed,81.5,67,0,9.07,1040.278436,93,280,66.9,0,93,11.3,93,0.1,4453.24673,,0.4,0.3,0.91,19.2
New Zealand,2013,Developed,81.3,69,0,9.18,10019.0763,93,8,66.4,0,92,11.17,92,0.1,42889.88141,,0.3,0.3,0.908,19.3
New Zealand,2012,Developed,81.1,7,0,9.2,924.5653683,93,68,65.9,0,93,11.53,93,0.1,3997.25624,,0.3,0.3,0.904,19.5
New Zealand,2011,Developed,86,72,0,9.47,8342.405764,95,597,65.3,0,95,11.24,95,0.1,38426.5581,,0.3,0.3,0.901,19.7
New Zealand,2010,Developed,89,71,0,9.62,6664.148708,9,43,64.8,0,93,11.2,93,0.1,33691.34837,,0.3,0.3,0.899,20.3
New Zealand,2009,Developed,85,73,0,9.24,63.57705167,93,198,64.3,0,92,11.21,92,0.1,282.94193,,0.3,0.3,0.895,19.3
New Zealand,2008,Developed,81,75,0,9.49,6761.288966,9,0,63.8,0,89,1.7,89,0.1,31287.77865,,0.3,0.3,0.894,19.5
New Zealand,2007,Developed,81,76,0,9.19,606.3106561,88,25,63.2,0,88,8.35,88,0.1,3259.73471,,0.3,0.3,0.891,19.2
New Zealand,2006,Developed,79.9,76,0,9.34,496.2228007,87,20,62.6,0,89,8.65,89,0.1,2667.86452,,0.3,0.3,0.888,19.1
New Zealand,2005,Developed,79.9,78,0,9.31,491.055852,87,20,62.1,0,89,8.25,89,0.1,2775.89515,,0.3,0.3,0.886,18.9
New Zealand,2004,Developed,79.2,79,0,9.15,442.3774869,88,33,61.5,0,87,7.89,89,0.1,2542.39935,,0.3,0.3,0.884,18.4
New Zealand,2003,Developed,79.1,82,0,8.91,3661.792922,89,66,6.9,0,86,7.71,9,0.1,21913.7817,,0.3,0.3,0.881,18.2
New Zealand,2002,Developed,78.7,83,0,9.13,2892.257132,89,21,6.3,0,84,7.89,9,0.1,16874.31232,,0.3,0.3,0.873,17.5
New Zealand,2001,Developed,78.5,83,0,8.75,2205.98595,9,65,59.6,0,82,7.58,9,0.1,13882.85683,,0.3,0.3,0.868,17.4
New Zealand,2000,Developed,78.6,87,0,8.91,2143.021083,9,65,58.9,0,82,7.47,9,0.1,13641.1272,,0.3,0.3,0.864,17.2
Pakistan,2015,Developing,66.4,161,352,,0,72,386,25.4,433,72,,72,0.1,1431.244865,18938513,19.2,19.6,0.548,8.1
Pakistan,2014,Developing,66.2,162,359,0.01,62.29361092,72,1370,24.7,442,72,2.61,72,0.1,1316.98966,185546257,19.4,19.8,0.542,7.8
Pakistan,2013,Developing,66,163,365,0.04,60.18648815,72,8749,23.9,450,72,2.7,72,0.1,1272.44161,181712595,19.6,2,0.538,7.7
Pakistan,2012,Developing,65.7,165,369,0.04,59.65900139,72,8046,23.2,456,72,2.76,72,0.1,1261.28967,177911533,19.8,2.2,0.529,7.6
Pakistan,2011,Developing,65.5,167,371,0.04,57.87736282,74,4386,22.5,459,75,3.1,74,0.1,1226.215314,174184265,2,2.4,0.525,7.5
Pakistan,2010,Developing,65.1,172,372,0.04,0.66751505,82,4321,21.9,461,82,3.2,82,0.1,14.142268,1756182,2.2,2.7,0.521,7.5
Pakistan,2009,Developing,64.8,175,371,0.03,0.697215581,78,863,21.3,460,7,2.94,71,0.1,16.63999,1674958,2.5,2.9,0.514,7.3
Pakistan,2008,Developing,64.6,177,369,0.03,5.447133608,65,1129,2.6,460,7,3.26,62,0.1,139.31288,16364463,2.7,21.1,0.513,7.3
Pakistan,2007,Developing,64.4,178,367,0.03,3.912744517,75,2801,2.1,459,75,3.35,75,0.1,95.4327931,16332974,2.8,21.3,0.505,6.7
Pakistan,2006,Developing,64.2,179,365,0.03,40.36829999,78,7641,19.5,458,77,3.4,78,0.1,873.772727,15793993,21,21.5,0.501,6.5
Pakistan,2005,Developing,62.9,2,364,0.04,30.59320769,7,2981,18.9,459,78,2.91,77,0.1,711.4699463,15399667,21.2,21.7,0.487,6.1
Pakistan,2004,Developing,63.7,183,364,0.01,28.98323119,65,4248,18.4,461,65,2.56,65,0.1,649.848233,15783,21.4,21.8,0.474,5.6
Pakistan,2003,Developing,63.5,185,366,0.01,24.23455671,63,4740,17.9,466,69,2.61,67,0.1,563.594342,1477341,21.6,22,0.465,5.6
Pakistan,2002,Developing,63.2,187,371,0.01,22.39387584,,3903,17.4,474,71,2.76,68,0.1,499.8633,144654143,21.8,22.2,0.457,5.5
Pakistan,2001,Developing,63,189,377,0.01,1.766663097,,3849,16.9,483,68,2.61,65,0.1,51.6568157,14161437,22,22.4,0.45,5.4
Pakistan,2000,Developing,62.8,19,385,0.02,18.84534312,,2064,16.4,495,65,2.79,62,0.1,533.8624114,138523285,22.2,22.6,0.445,5.3
Philippines,2015,Developing,68.5,211,52,,0,6,619,25.4,66,79,,6,0.1,2878.33837,11716359,1,9.7,0.679,11.7
Philippines,2014,Developing,68.4,214,54,4.52,31.27232188,67,58848,24.8,68,77,4.71,67,0.1,2842.938353,112249,1,9.7,0.676,11.7
Philippines,2013,Developing,68.1,219,55,4.61,24.58973399,89,2920,24.3,69,84,4.56,89,0.1,276.289146,9848132,1,9.7,0.671,11.7
Philippines,2012,Developing,68.1,217,56,5.02,212.7418488,88,1536,23.7,71,88,4.46,88,0.1,2581.818554,96866642,1,9.7,0.666,11.6
Philippines,2011,Developing,68,218,57,4.96,191.4949779,87,6538,23.1,72,87,4.29,87,0.1,2352.518156,9527794,1,9.7,0.669,11.5
Philippines,2010,Developing,67.9,218,58,4.85,198.2563794,77,6368,22.6,74,78,4.37,79,0.1,2129.499242,93726624,1,9.7,0.662,11.4
Philippines,2009,Developing,68,219,59,4.42,159.5348489,85,1469,22.1,76,86,4.41,87,0.1,1825.341521,9222879,1,9.7,0.661,11.7
Philippines,2008,Developing,67.5,217,60,4.21,155.4767618,88,341,21.6,78,91,4.5,91,0.1,1919.466195,9751864,1,9.7,0.655,11.5
Philippines,2007,Developing,67.5,216,62,4.19,137.327474,87,530,21.1,80,87,3.94,87,0.1,1672.685433,8929349,1,9.7,0.648,11.4
Philippines,2006,Developing,67.3,219,63,4.08,121.3625467,77,9,2.6,82,88,3.95,88,0.1,1391.772325,8789419,1,9.7,0.646,11.5
Philippines,2005,Developing,67,223,65,4.22,105.7306982,49,118,2.1,84,9,3.91,89,0.1,1194.697155,86274237,1,9.7,0.642,11.6
Philippines,2004,Developing,67.3,218,66,4.45,13.39905105,48,3025,19.6,86,85,3.23,88,0.1,179.3715,84678493,1,9.7,0.636,11.6
Philippines,2003,Developing,67.2,217,67,4.44,0.901149288,52,10511,19.2,87,85,3.25,84,0.1,11.553196,8331954,1,9.7,0.631,11.6
Philippines,2002,Developing,66.8,221,68,4.42,0.09987219,42,7003,18.7,89,77,2.79,79,0.1,1.68135,813526,1,9.7,0.625,11.4
Philippines,2001,Developing,66.8,221,68,4.54,69.0204245,45,7360,18.3,89,76,3,79,0.1,957.287441,79665315,1,9.7,0.622,11.4
Philippines,2000,Developing,66.8,219,69,4.73,11.69704463,7,7120,17.8,90,74,3.21,78,0.1,138.91977,77991569,1,9.6,0.618,11.4
Sudan,2015,Developing,64.1,225,58,,0,93,3585,,85,93,,93,0.3,2513.884661,3864783,,,0.488,7.2
Sudan,2014,Developing,63.8,229,59,0.01,253.6086508,94,676,,86,94,8.43,94,0.3,2176.89829,37737913,,,0.485,7.2
Sudan,2013,Developing,63.5,232,60,0.01,227.8353208,93,2813,,88,93,8.42,93,0.3,1955.66799,36849918,,,0.478,7
Sudan,2012,Developing,63.2,235,61,0.01,220.522192,92,8523,,89,92,8.2,92,0.3,1892.894352,3599192,,,0.468,6.8
Sudan,2011,Developing,62.7,241,61,2.12,196.6892153,93,5616,,91,93,8.3,93,0.3,1666.857757,35167314,,,0.463,7
Sudan,2010,Developing,62.5,243,62,1.77,172.0097884,75,680,,92,9,7.97,9,0.3,1476.47887,34385963,,,0.461,7
Sudan,2009,Developing,62,248,63,1.99,17.0536929,72,68,,94,81,8.4,81,0.3,1226.884381,3365619,,,0.456,6.8
Sudan,2008,Developing,61.8,251,64,2.01,128.6362711,78,129,,95,85,8.17,86,0.3,1291.528826,32955496,,,0.444,6.3
Sudan,2007,Developing,61.4,254,65,2.01,86.13166944,78,327,,97,84,4.72,84,0.3,1115.6952,32282526,,,0.44,6.4
Sudan,2006,Developing,61,26,66,1.9,60.3368571,6,228,,99,77,3.93,78,0.2,893.8793645,316764,,,0.43,6.2
Sudan,2005,Developing,67,261,66,1.55,37.59039592,22,1374,,101,78,3.18,78,0.2,679.7539949,3911914,,,0.423,6.1
Sudan,2004,Developing,59.7,278,68,1.59,37.04479956,,9562,,102,74,3.39,74,0.2,565.569459,3186341,,,0.415,5.7
Sudan,2003,Developing,59.6,278,69,1.74,35.35264737,,4381,,104,69,3.18,69,0.2,477.738478,29435944,,,0.409,5.6
Sudan,2002,Developing,59.4,277,70,1.59,30.62287548,,4529,,106,6,2.95,6,0.2,412.1517561,28679565,,,0.403,5.6
Sudan,2001,Developing,58.9,283,71,1.81,28.88069657,,4362,,108,66,2.96,66,0.2,377.5254454,279455,,,0.399,5.6
Sudan,2000,Developing,58.6,284,71,1.76,30.86000992,,2875,,109,62,3.23,62,0.1,361.35843,2725535,,,0.394,5.5
United Kingdom of Great Britain and Northern Ireland,2015,Developed,81.2,69,3,10.66,0,,91,66.6,4,96,,96,0.1,,,0.8,0.6,,
United Kingdom of Great Britain and Northern Ireland,2014,Developed,81,71,3,10.37,0,,133,66,4,95,9.12,95,0.1,,,0.8,0.5,,
United Kingdom of Great Britain and Northern Ireland,2013,Developed,87,72,3,10.32,0,,1919,65.4,4,95,9.34,95,0.1,,,0.8,0.5,,
United Kingdom of Great Britain and Northern Ireland,2012,Developed,86,72,3,10.42,0,,2092,64.8,4,95,9.41,95,0.1,,,0.8,0.5,,
United Kingdom of Great Britain and Northern Ireland,2011,Developed,86,74,3,10.68,0,,1112,64.2,4,95,9.34,95,0.1,,,0.8,0.5,,
United Kingdom of Great Britain and Northern Ireland,2010,Developed,82,77,3,10.88,0,,443,63.6,4,94,9.51,94,0.1,,,0.8,0.5,,
United Kingdom of Great Britain and Northern Ireland,2009,Developed,81,78,4,10.79,0,,1212,63.1,4,93,9.81,93,0.1,,,0.8,0.5,,
United Kingdom of Great Britain and Northern Ireland,2008,Developed,79.6,8,4,11.47,0,,1445,62.5,4,92,8.85,92,0.1,,,0.8,0.5,,
United Kingdom of Great Britain and Northern Ireland,2007,Developed,79.5,8,4,11.84,0,,1022,61.9,4,92,8.42,92,0.1,,,0.7,0.5,,
United Kingdom of Great Britain and Northern Ireland,2006,Developed,79.3,82,4,11.61,0,,764,61.3,4,92,8.36,92,0.1,,,0.7,0.5,,
United Kingdom of Great Britain and Northern Ireland,2005,Developed,79,82,4,12.05,0,,79,6.7,4,91,8.24,91,0.1,,,0.7,0.5,,
United Kingdom of Great Britain and Northern Ireland,2004,Developed,78.8,83,4,12.22,0,,189,6.1,4,92,7.98,92,0.1,,,0.7,0.5,,
United Kingdom of Great Britain and Northern Ireland,2003,Developed,78.3,86,4,11.85,0,,460,59.5,4,91,7.81,91,0.1,,,0.7,0.5,,
United Kingdom of Great Britain and Northern Ireland,2002,Developed,78.2,87,4,11.44,0,,314,58.8,4,91,7.57,91,0.1,,,0.7,0.5,,
United Kingdom of Great Britain and Northern Ireland,2001,Developed,78,88,4,10.91,0,,73,58.2,4,91,7.31,91,0.1,,,0.7,0.5,,
United Kingdom of Great Britain and Northern Ireland,2000,Developed,77.8,89,4,10.59,0,,104,57.5,5,91,6.94,91,0.1,,,0.7,0.5,,
United States of America,2015,Developed,79.3,13,23,,0,92,188,69.6,26,93,,95,0.1,,,0.8,0.6,,
United States of America,2014,Developed,79.1,14,23,8.82,0,92,667,69.1,27,93,17.14,95,0.1,,,0.8,0.6,,
United States of America,2013,Developed,78.9,16,23,8.82,0,91,187,68.6,27,93,16.9,94,0.1,,,0.7,0.6,,
United States of America,2012,Developed,78.8,16,24,8.82,0,9,55,68,28,93,17.2,94,0.1,,,0.7,0.6,,
United States of America,2011,Developed,78.7,16,25,8.67,0,91,220,67.5,29,94,17.6,96,0.1,,,0.7,0.6,,
United States of America,2010,Developed,78.7,15,25,8.55,0,92,63,66.9,30,93,17.2,95,0.1,,,0.7,0.6,,
United States of America,2009,Developed,78.5,18,26,8.71,0,92,71,66.3,31,93,17,95,0.1,,,0.7,0.6,,
United States of America,2008,Developed,78.2,18,27,8.74,0,94,140,65.7,31,94,16.2,96,0.1,,,0.7,0.6,,
United States of America,2007,Developed,78.1,11,27,8.74,0,93,43,65.1,32,93,15.57,96,0.1,,,0.7,0.6,,
United States of America,2006,Developed,77.8,113,28,8.63,0,93,55,64.4,33,93,15.27,96,0.1,,,0.7,0.6,,
United States of America,2005,Developed,77.5,112,28,8.52,0,93,66,63.8,33,92,15.15,96,0.1,,,0.7,0.6,,
United States of America,2004,Developed,77.5,111,28,8.48,0,92,37,63.1,33,92,15.14,96,0.1,,,0.7,0.6,,
United States of America,2003,Developed,77.2,114,28,8.4,0,92,56,62.4,33,91,15.6,96,0.1,,,0.7,0.6,,
United States of America,2002,Developed,77,115,28,8.33,0,88,41,61.7,33,9,14.55,94,0.1,,,0.8,0.6,,
United States of America,2001,Developed,76.9,115,28,8.25,0,89,116,6.9,33,89,13.73,94,0.1,,,0.8,0.6,,
United States of America,2000,Developed,76.8,114,28,8.21,0,9,85,6.1,33,9,13.7,94,0.1,,,0.8,0.7,,
